"Minutes","Name","App","Category"
"386.7","Notion","Notion","Documents & Writing"
"374.0","github.com","Google Chrome","Development"
"333.5","netflix.com","Google Chrome","Videos & TV"
"332.0","Google Chrome ‚Äì Private","Google Chrome","Utilities & Services"
"307.1","Things","Things","Management"
"226.6","Code","Code","Development"
"223.8","canvas.wisc.edu","Google Chrome","Reference & Learning"
"182.2","pages.cs.wisc.edu","Google Chrome","Reference & Learning"
"177.0","Complice","Complice","Management"
"137.6","Messages","Messages","Messaging"
"133.9","Finder","Finder","File Management"
"123.8","google.com","Google Chrome","Search"
"105.8","kdlevin-uwstat.github.io","Google Chrome","Development"
"104.5","iTerm2","iTerm2","Development"
"95.9","workona.com","Google Chrome","Management"
"95.0","leetcode.com","Google Chrome","Reference & Learning"
"93.3","averychan.site","Google Chrome","Uncategorized"
"72.8","youtube.com","YouTube","Videos & TV"
"72.7","complice.co","Google Chrome","Uncategorized"
"68.4","Google Chrome","Google Chrome","Utilities & Services"
"68.4","Gmail","Gmail","Management"
"63.9","Discord","Discord","Email"
"59.2","Skim","Skim","Documents & Writing"
"57.8","app.grammarly.com","Google Chrome","Documents & Writing"
"57.4","zoom.us","zoom.us","Management"
"54.7","linkedin.com","Google Chrome","General"
"54.5","book.systemsapproach.org","Google Chrome","Reference & Learning"
"52.9","news.ycombinator.com","Google Chrome","News & Blogs"
"47.2","help.tableau.com","Google Chrome","General"
"45.3","127.0.0.1:4000","Google Chrome","Development"
"43.2","Tableau","Tableau","General"
"43.0","uwmadison.zoom.us","Google Chrome","Management"
"42.1","labs.vocareum.com","Google Chrome","Uncategorized"
"42.0","New Tab - Google Chrome","Google Chrome","Utilities & Services"
"40.3","wisc.joinhandshake.com","Google Chrome","Uncategorized"
"37.6","Rimworld a massive brawl in Oz, Mech vs Pirates vs Tribals vs Royalty","YouTube","Videos & TV"
"37.1","seths.blog","Google Chrome","News & Blogs"
"35.0","Harry Mack Freestyles Return To Venice Beach | Guerrilla Bars 17","YouTube","Videos & TV"
"30.3","Google Calendar","Google Calendar","Management"
"30.2","psyche.co","Google Chrome","Uncategorized"
"29.9","Gmail","Gmail","Management"
"29.8","[FREE] DaBaby x DDG Type Beat - ""KNOCKOUT"" | Club Freestyle Type Beat","YouTube","Videos & TV"
"29.3","docs.google.com","Google Chrome","Documents & Writing"
"23.4","genome.gov","Google Chrome","Utilities & Services"
"23.3","fmovies.to","Google Chrome","Videos & TV"
"22.4","corp.roblox.com","Google Chrome","Games"
"22.3","calendar.google.com","Google Chrome","Search"
"22.1","ptsjs.org","Google Chrome","Uncategorized"
"20.9","enroll.wisc.edu","Google Chrome","Reference & Learning"
"20.0","Microsoft Word","Microsoft Word","Documents & Writing"
"19.9","sbr2251.github.io","Google Chrome","Development"
"19.5","A VIDEO ABOUT HOW I MAKE MY VIDEOS","YouTube","Videos & TV"
"19.5","datausa.io","Google Chrome","Uncategorized"
"19.2","neelnanda.io","Google Chrome","Uncategorized"
"18.6","piazza.com","Google Chrome","Management"
"18.4","amazon.com","Google Chrome","Shopping"
"18.4","dear-data.com","Google Chrome","Uncategorized"
"18.3","app.joinhandshake.com","Google Chrome","Uncategorized"
"17.9","stackoverflow.com","Google Chrome","Reference & Learning"
"17.7","thewoksoflife.com","Google Chrome","Uncategorized"
"16.0","mavericksoftware.com","Google Chrome","Uncategorized"
"16.0","System Preferences","System Preferences","Utilities & Services"
"16.0","Qbserve","Qbserve","Utilities & Services"
"15.9","newyorker.com","Google Chrome","News & Blogs"
"14.5","Someone Dead Ruined My Life‚Ä¶ Again.","YouTube","Videos & TV"
"14.5","citrix.wd1.myworkdayjobs.com","Google Chrome","Uncategorized"
"14.3","youssefraafatnasry.github.io","Google Chrome","Development"
"14.1","alistapart.com","Google Chrome","Uncategorized"
"13.3","NEW Zombie Survival Shooter Roguelike - Deathly Stillness Gameplay","YouTube","Videos & TV"
"13.2","Day One","Day One","Health & Fitness"
"12.9","politico.com","Google Chrome","News & Blogs"
"12.9","READ A SECRET, LEAVE A SECRET (episode 2)","YouTube","Videos & TV"
"12.8","subconscious.substack.com","Google Chrome","Uncategorized"
"12.6","wikiwand.com","Google Chrome","Reference & Learning"
"12.5","nature.com","Google Chrome","News & Blogs"
"12.4","The Best Productivity Hacks of All Time","YouTube","Videos & TV"
"12.2","posthog.com","Google Chrome","Uncategorized"
"11.8","my.wisc.edu","Google Chrome","Reference & Learning"
"11.8","RStudio","RStudio","Development"
"11.2","map.wisc.edu","Google Chrome","Reference & Learning"
"11.0","createjs.com","Google Chrome","Uncategorized"
"10.8","BRETMAN ROCK'S ABSOLUTELY NOT WORKOUT | FOLLOW ALONG","YouTube","Videos & TV"
"10.7","Strangers Shocked By Harry Mack Freestyles - Omegle Bars 15","YouTube","Videos & TV"
"10.6","Harry Mack Turns OMEGLE Into A FREESTYLE CONCERT | Omegle Bars 29","YouTube","Videos & TV"
"10.4","1Password 7","1Password 7","Uncategorized"
"9.7","Should you take this job offer?","YouTube","Videos & TV"
"9.3","THE BIG FIVE-OH!!! | Harry Mack Omegle Bars 50","YouTube","Videos & TV"
"9.3","Cortex #1: I Don't Really Like Work","YouTube","Videos & TV"
"9.1","Stardew Valley Meets Pokemon?! - Monster Harvest Gameplay - First Look","YouTube","Videos & TV"
"9.0","ted.com","Google Chrome","Videos & TV"
"8.8","13 Advanced (but useful) Git Techniques and Shortcuts","YouTube","Videos & TV"
"8.7","mail.google.com","Google Chrome","Email"
"8.5","ehealthinsurance.wd5.myworkdayjobs.com","Google Chrome","Uncategorized"
"8.4","beta-app.speechify.com","Google Chrome","Uncategorized"
"8.0","tableau.com","Google Chrome","General"
"7.9","tutorialspoint.com","Google Chrome","Reference & Learning"
"7.8","From Womb To Tomb | Harry Mack Omegle Bars 39","YouTube","Videos & TV"
"7.8","slatestarcodex.com","Google Chrome","Uncategorized"
"7.7","smartr.me","Google Chrome","Uncategorized"
"7.6","Strangers Get Drunk Off Harry Mack's Insane Freestyles | Omegle Bars Episode 4","YouTube","Videos & TV"
"7.6","michellelim.org","Google Chrome","Uncategorized"
"7.4","Why I Can't Make Videos...","YouTube","Videos & TV"
"7.3","ADVICE from a REAL fake DOCTOR","YouTube","Videos & TV"
"7.2","This Virus Shouldn't Exist (But it Does)","YouTube","Videos & TV"
"7.1","jobs.smartrecruiters.com","Google Chrome","Uncategorized"
"7.0","My Two Favorite Jokes","YouTube","Videos & TV"
"6.8","jobs.lever.co","Google Chrome","Management"
"6.6","Harry Mack Raps AMAZING FREESTYLES For Strangers - Omegle Bars 24","YouTube","Videos & TV"
"6.6","PLAN WITH ME | September 2021 Bullet Journal Setup","YouTube","Videos & TV"
"6.5","The biggest networking opportunity you're missing out on","YouTube","Videos & TV"
"6.4","university-uber.icims.com","Google Chrome","General"
"6.3","beautifuljekyll.com","Google Chrome","Uncategorized"
"6.2","Ep42 : 500% Send me a tribute collector : Rimworld Royalty","YouTube","Videos & TV"
"6.1","outlook.office365.com","Google Chrome","Documents & Writing"
"6.1","wakatime.com","Google Chrome","Management"
"6.1","Wireless Diagnostics","Wireless Diagnostics","Utilities & Services"
"5.7","boards.greenhouse.io","Google Chrome","Management"
"5.5","families.google.com","Google Chrome","Search"
"5.5","my 2021 bullet journal setup | simple, minimalist, cute aesthetic","YouTube","Videos & TV"
"5.3","mindingourway.com","Google Chrome","Uncategorized"
"5.0","Harry Mack's Freestyles Go Global On Omegle | Omegle Bars Episode 6","YouTube","Videos & TV"
"5.0","docs.python.org","Google Chrome","Reference & Learning"
"4.9","charlesagile.com","Google Chrome","Uncategorized"
"4.9","support.google.com","Google Chrome","Search"
"4.8","notion.so","Google Chrome","Documents & Writing"
"4.8","Time Management for Teachers (v2)","YouTube","Videos & TV"
"4.7","teams.microsoft.com","Google Chrome","Reference & Learning"
"4.6","inverse.com","Google Chrome","Leisure"
"4.5","dice.com","Google Chrome","General"
"4.5","INSANE Freestyle Rap For Strangers On Omegle Bars 27 | Harry Mack","YouTube","Videos & TV"
"4.5","jekyllrb.com","Google Chrome","Reference & Learning"
"4.3","overcomingbias.com","Google Chrome","Uncategorized"
"4.2","accounts.google.com","Google Chrome","Search"
"4.1","Installer","Installer","File Management"
"4.1","You Can Make a Netflix Style Doco About Literally Anything","YouTube","Videos & TV"
"4.0","paperjs.org","Google Chrome","Uncategorized"
"4.0","The Most Important 10 Words a Stranger Ever Said to Me","YouTube","Videos & TV"
"4.0","docs.github.com","Google Chrome","Development"
"4.0","dev.to","Google Chrome","Reference & Learning"
"3.9","math.toronto.edu","Google Chrome","Reference & Learning"
"3.9","login.wisc.edu","Google Chrome","Reference & Learning"
"3.8","justjournal.org","Google Chrome","Uncategorized"
"3.8","jarrekk.github.io","Google Chrome","Development"
"3.8","geeksforgeeks.org","Google Chrome","Reference & Learning"
"3.8","My VHS Mini Series part 2","YouTube","Videos & TV"
"3.7","developer.mozilla.org","Google Chrome","Reference & Learning"
"3.5","I do this every. single. tuesday.","YouTube","Videos & TV"
"3.5","every-layout.dev","Google Chrome","Development"
"3.5","FREE DaBaby X NLE Choppa Type Beat ""Morty""","YouTube","Videos & TV"
"3.4","Settings - Google Chrome","Google Chrome","Utilities & Services"
"3.3","nickdrozd.github.io","Google Chrome","Development"
"3.3","waymo.com","Google Chrome","Uncategorized"
"3.3","Tableau Prep Builder","Tableau Prep Builder","Development"
"3.1","superuser.com","Google Chrome","Reference & Learning"
"3.1","relay.fm","Google Chrome","Uncategorized"
"3.0","YBN Cordae X Logic Type Beat ""Fury""","YouTube","Videos & TV"
"3.0","healthyadhd.com","Google Chrome","Uncategorized"
"3.0","css-tricks.com","Google Chrome","Reference & Learning"
"3.0","ports.macports.org","Google Chrome","Uncategorized"
"2.9","What the Heck am I doing?","YouTube","Videos & TV"
"2.9","libgen.rs","Google Chrome","Uncategorized"
"2.8","outline.com","Google Chrome","Uncategorized"
"2.8","bethanycrystal.com","Google Chrome","Uncategorized"
"2.8","datavisualizationsociety.org","Google Chrome","Audio/Video Production"
"2.8","History - Google Chrome","Google Chrome","Utilities & Services"
"2.8","track.toggl.com","Google Chrome","Utilities & Services"
"2.8","goodhousekeeping.com","Google Chrome","Home"
"2.8","Machine Learning Explained in 100 Seconds","YouTube","Videos & TV"
"2.8","speechify.com","Google Chrome","Uncategorized"
"2.7","guide.macports.org","Google Chrome","Uncategorized"
"2.7","Pinky And The Brain Theme - Postmodern Jukebox (ft. Emily Goglia, Rob Paulsen, Maurice LaMarche)","YouTube","Videos & TV"
"2.7","name.com","Google Chrome","Utilities & Services"
"2.7","FREE Logic X JID Type Beat ""Tarantino"" I Free Instrumental","YouTube","Videos & TV"
"2.7","Turtles & Toys - Omegle Bars Episode 3","YouTube","Videos & TV"
"2.6","FREE Logic X J Cole Type Beat ""Spider"" I Free Instrumental","YouTube","Videos & TV"
"2.6","Freestyles That Give You CHILLS | Harry Mack Omegle Bars 36","YouTube","Videos & TV"
"2.6","w3schools.com","Google Chrome","Reference & Learning"
"2.6","adalogics.com","Google Chrome","Uncategorized"
"2.6","help.dayoneapp.com","Google Chrome","Uncategorized"
"2.6","Harry Mack Forms A Crowd With NASTY Freestyle - Omegle Bars 17","YouTube","Videos & TV"
"2.5","guru99.com","Google Chrome","Uncategorized"
"2.5","ericertl.dev","Google Chrome","Development"
"2.5","Harry Mack Hooks Strangers In with His Freestyle Art - Omegle Bars 14","YouTube","Videos & TV"
"2.5","unsplash.com","Google Chrome","Design"
"2.5","theverge.com","Google Chrome","News & Blogs"
"2.5","upl.cs.wisc.edu","Google Chrome","Reference & Learning"
"2.4","FREE JID X Logic Type Beat ""Honor"" I Free Instrumental","YouTube","Videos & TV"
"2.3","codecatalog.org","Google Chrome","Uncategorized"
"2.3","apple.stackexchange.com","Google Chrome","Reference & Learning"
"2.3","Physical Characteristics of the Tiffanys","YouTube","Videos & TV"
"2.3","saucony.com","Google Chrome","Uncategorized"
"2.3","ischoolonline.berkeley.edu","Google Chrome","Reference & Learning"
"2.2","wisc.starfishsolutions.com","Google Chrome","Uncategorized"
"2.2","Music","Music","Uncategorized"
"2.2","learn.wordpress.org","Google Chrome","News & Blogs"
"2.2","Sublime Text","Sublime Text","Uncategorized"
"2.2","haacked.com","Google Chrome","Uncategorized"
"2.2","fossclub-uw.org","Google Chrome","Uncategorized"
"2.2","bonsaibrowser.com","Google Chrome","Uncategorized"
"2.1","We broke up‚Ä¶","YouTube","Videos & TV"
"2.1","gizmodo.com","Google Chrome","News & Blogs"
"2.1","waitbutwhy.com","Google Chrome","News & Blogs"
"2.0","smithsonianmag.com","Google Chrome","Uncategorized"
"2.0","[FREE] DaBaby x Megan Thee Stallion Type Beat - ""WORK IT"" | CLUB Type Beat","YouTube","Videos & TV"
"2.0","[FREE] DaBaby Type Beat - ""POPEYE 2"" (prod. Fantom)","YouTube","Videos & TV"
"1.9","en.shortcogs.com","Google Chrome","Uncategorized"
"1.9","mashable.com","Google Chrome","News & Blogs"
"1.9","lukesingham.com","Google Chrome","Uncategorized"
"1.9","ben-evans.com","Google Chrome","Uncategorized"
"1.9","tonsky.me","Google Chrome","Uncategorized"
"1.9","grad.berkeley.edu","Google Chrome","Reference & Learning"
"1.9","blog.complice.co","Google Chrome","Uncategorized"
"1.9","carhartt.com","Google Chrome","Uncategorized"
"1.8","clarachick.me","Google Chrome","Uncategorized"
"1.8","mgliu.sites.cs.wisc.edu","Google Chrome","Reference & Learning"
"1.8","registrar.wisc.edu","Google Chrome","Reference & Learning"
"1.7","foss-uw.github.io","Google Chrome","Development"
"1.6","observablehq.com","Google Chrome","Uncategorized"
"1.6","soundcloud.com","Google Chrome","Music"
"1.6","/r/Cortex","Reddit","Leisure"
"1.6","technical.ly","Google Chrome","Uncategorized"
"1.6","Don't you have a finsta?","YouTube","Videos & TV"
"1.6","ieeevis.org","Google Chrome","Uncategorized"
"1.6","paypal.com","Google Chrome","Finances"
"1.6","tympanus.net","Google Chrome","News & Blogs"
"1.6","chrome.google.com","Google Chrome","Search"
"1.6","texts.com","Google Chrome","Uncategorized"
"1.6","cs.wisc.edu","Google Chrome","Reference & Learning"
"1.6","how programmers attend meetings at big tech companies","YouTube","Videos & TV"
"1.6","bestcolleges.com","Google Chrome","Uncategorized"
"1.5","home.cern","Google Chrome","Uncategorized"
"1.5","login.microsoftonline.com","Google Chrome","Utilities & Services"
"1.5","codepen.io","Google Chrome","Design"
"1.5","day in my life vlog: getting my life together, bullet journaling, the small things üçâ","YouTube","Videos & TV"
"1.5","community.atlassian.com","Google Chrome","Development"
"1.5","swcarpentry.github.io","Google Chrome","Development"
"1.5","forum.bubble.io","Google Chrome","Social"
"1.5","mastersindatascience.org","Google Chrome","Uncategorized"
"1.5","verywellmind.com","Google Chrome","Uncategorized"
"1.4","jobs.cisco.com","Google Chrome","Reference & Learning"
"1.4","forbes.com","Google Chrome","News & Blogs"
"1.4","mfa.cae.wisc.edu","Google Chrome","Reference & Learning"
"1.3","app.dover.io","Google Chrome","Uncategorized"
"1.3","Extensions - Google Chrome","Google Chrome","Utilities & Services"
"1.3","newuser.my.cae.wisc.edu","Google Chrome","Reference & Learning"
"1.2","#9: Draft A Day","YouTube","Videos & TV"
"1.2","loom.com","Google Chrome","Uncategorized"
"1.2","How I Found True Love","YouTube","Videos & TV"
"1.2","sell.sawbrokers.com","Google Chrome","Uncategorized"
"1.2","supertunnel.app","Google Chrome","Uncategorized"
"1.2","coding4good.net","Google Chrome","Uncategorized"
"1.2","novoresume.com","Google Chrome","Uncategorized"
"1.2","community.tableau.com","Google Chrome","General"
"1.1","codeconvey.com","Google Chrome","Uncategorized"
"1.1","css-irl.info","Google Chrome","Uncategorized"
"1.1","[FREE] Drake x Future Type Beat - ""KNOCKED UP"" (prod. Fantom)","YouTube","Videos & TV"
"1.1","I made my own protocol","YouTube","Videos & TV"
"1.1","git.pwmt.org","Google Chrome","Development"
"1.1","fantheories.fandom.com","Google Chrome","Uncategorized"
"1.1","Springy Animated Modals // Framer Motion & React Tutorial for Beginners","YouTube","Videos & TV"
"1.0","wordpress.org","Google Chrome","News & Blogs"
"1.0","app.spacebar.college","Google Chrome","Uncategorized"
"1.0","socketsite.com","Google Chrome","Uncategorized"
"1.0","investopedia.com","Google Chrome","Finances"
"1.0","fontawesome.com","Google Chrome","Uncategorized"
"1.0","Illustrating the butterfly effect with a laser","YouTube","Videos & TV"
"1.0","The Wait - 1 Minute Short Film","YouTube","Videos & TV"
"1.0","wisc.libcal.com","Google Chrome","Uncategorized"
"1.0","FREE DaBaby X Jack Harlow Type Beat ""Giannis"" I Free Instrumental","YouTube","Videos & TV"
"1.0","macports.org","Google Chrome","Uncategorized"
"1.0","zuar.com","Google Chrome","Uncategorized"
"0.9","medium.dave-bailey.com","Google Chrome","Uncategorized"
"0.9","shopify.github.io","Google Chrome","Development"
"0.9","Alfred Preferences","Alfred Preferences","Search"
"0.9","startbootstrap.com","Google Chrome","Design"
"0.9","spacebar.college","Google Chrome","Uncategorized"
"0.9","Harry Mack Makes Mime Talk With Freestyle - Omegle Bars 19","YouTube","Videos & TV"
"0.9","crazymarvin.com","Google Chrome","Uncategorized"
"0.9","Apex cucks Warzone","YouTube","Videos & TV"
"0.9","5 Types of BEGINNER Programmers","YouTube","Videos & TV"
"0.9","joinhandshake.com","Google Chrome","Uncategorized"
"0.9","nick.winans.codes","Google Chrome","Uncategorized"
"0.9","thebalancecareers.com","Google Chrome","Uncategorized"
"0.9","careers.take2games.com","Google Chrome","Uncategorized"
"0.9","bls.gov","Google Chrome","Utilities & Services"
"0.9","secure01b.chase.com","Google Chrome","Finances"
"0.9","mediabiasfactcheck.com","Google Chrome","Uncategorized"
"0.9","avada.io","Google Chrome","Uncategorized"
"0.9","answers.microsoft.com","Google Chrome","Reference & Learning"
"0.9","mediaatelier.com","Google Chrome","Uncategorized"
"0.8","System Information","System Information","Utilities & Services"
"0.8","How to Bullet Journal","YouTube","Videos & TV"
"0.8","deanattali.com","Google Chrome","Uncategorized"
"0.8","tofthschool.org","Google Chrome","Uncategorized"
"0.8","doordash.engineering","Google Chrome","Uncategorized"
"0.8","zipjob.com","Google Chrome","Uncategorized"
"0.8","tickets.fandango.com","Google Chrome","Leisure"
"0.8","FREE Logic X JID Type Beat ""Skywalker"" I Free Instrumental","YouTube","Videos & TV"
"0.8","applytracking.com","Google Chrome","Uncategorized"
"0.8","Options - Just Read - Google Chrome","Google Chrome","Utilities & Services"
"0.8","mattbierbaum.github.io","Google Chrome","Development"
"0.8","myaccount.google.com","Google Chrome","Search"
"0.8","useavenue.notion.site","Google Chrome","Uncategorized"
"0.8","Settings - Passwords - Google Chrome","Google Chrome","Utilities & Services"
"0.8","mvorganizing.org","Google Chrome","Uncategorized"
"0.8","goo.gl","Google Chrome","Utilities & Services"
"0.7","meyerweb.com","Google Chrome","Uncategorized"
"0.7","eater.net","Google Chrome","Uncategorized"
"0.7","/r/vim","Reddit","Leisure"
"0.7","Experiments - Google Chrome","Google Chrome","Utilities & Services"
"0.7","kb.tableau.com","Google Chrome","General"
"0.7","shop.hak5.org","Google Chrome","Shopping"
"0.7","resumegenius.com","Google Chrome","Uncategorized"
"0.7","nomedium.dev","Google Chrome","Development"
"0.6","samyakmehta.me","Google Chrome","Uncategorized"
"0.6","bbc.com","Google Chrome","News & Blogs"
"0.6","grammarly.com","Google Chrome","Documents & Writing"
"0.6","airtable.com","Google Chrome","Uncategorized"
"0.6","31.42.184.140","Google Chrome","Uncategorized"
"0.6","ankiweb.net","Google Chrome","Uncategorized"
"0.6","/r/googlehome","Reddit","Leisure"
"0.6","navn.me","Google Chrome","Uncategorized"
"0.6","raw.githubusercontent.com","Google Chrome","Development"
"0.6","en.wikipedia.org","Google Chrome","Search"
"0.6","iashris.com","Google Chrome","Uncategorized"
"0.6","bestbuy.com","Google Chrome","Shopping"
"0.6","rouvre.com","Google Chrome","Uncategorized"
"0.6","gravityandlevity.wordpress.com","Google Chrome","News & Blogs"
"0.6","ggplot2.tidyverse.org","Google Chrome","Audio/Video Production"
"0.6","ADVICE from the MOM YOU NEVER HAD","YouTube","Videos & TV"
"0.6","Spotify","Spotify","Music"
"0.6","notionpages.com","Google Chrome","Uncategorized"
"0.6","news.cornell.edu","Google Chrome","Reference & Learning"
"0.6","library.lol","Google Chrome","Uncategorized"
"0.6","Tablecruncher","Tablecruncher","Uncategorized"
"0.6","gist.github.com","Google Chrome","Development"
"0.6","twitter.com","Google Chrome","Social"
"0.6","systemsinnovation.io","Google Chrome","Uncategorized"
"0.5","vimacapp.com","Google Chrome","Uncategorized"
"0.5","drive.google.com","Google Chrome","File Management"
"0.5","dummies.com","Google Chrome","Shopping"
"0.5","robinhood.com","Google Chrome","Uncategorized"
"0.5","pluralistic.net","Google Chrome","Uncategorized"
"0.5","jhshi.me","Google Chrome","Uncategorized"
"0.5","tribunemag.co.uk","Google Chrome","Uncategorized"
"0.5","coding-dude.com","Google Chrome","Uncategorized"
"0.5","vizwiz.com","Google Chrome","Uncategorized"
"0.5","varsityventurestudio.com","Google Chrome","Uncategorized"
"0.5","careers.wisc.edu","Google Chrome","Reference & Learning"
"0.5","10 simple outfits for when ur a mess and ur running late | autumn outfits","YouTube","Videos & TV"
"0.5","p5js.org","Google Chrome","Uncategorized"
"0.5","culturedcode.com","Google Chrome","Uncategorized"
"0.5","trac.macports.org","Google Chrome","Uncategorized"
"0.5","Vimac","Vimac","Development"
"0.4","worldsensorium.com","Google Chrome","Uncategorized"
"0.4","PostCSS in 100 Seconds","YouTube","Videos & TV"
"0.4","thule.com","Google Chrome","Uncategorized"
"0.4","thomasjfrank.com","Google Chrome","Uncategorized"
"0.4","appleinsider.com","Google Chrome","News & Blogs"
"0.4","hyde.getpoole.com","Google Chrome","Uncategorized"
"0.4","nasa.gov","Google Chrome","Reference & Learning"
"0.4","alfredforum.com","Google Chrome","Social"
"0.4","calendly.com","Google Chrome","Management"
"0.4","ibegin.tcs.com","Google Chrome","General"
"0.4","uwmadison.app.box.com","Google Chrome","File Management"
"0.4","First time the Central Finite Curve is mentioned in Rick and Morty","YouTube","Videos & TV"
"0.4","avery2.notion.site","Google Chrome","Uncategorized"
"0.4","hdqwalls.com","Google Chrome","Uncategorized"
"0.4","app.haikei.app","Google Chrome","Uncategorized"
"0.4","social-biz.org","Google Chrome","Uncategorized"
"0.4","Settings - Customize profile - Google Chrome","Google Chrome","Utilities & Services"
"0.4","Bookmarks - Google Chrome","Google Chrome","Utilities & Services"
"0.4","vim.reversed.top","Google Chrome","Uncategorized"
"0.4","keyboardmaestro.com","Google Chrome","Uncategorized"
"0.4","Simulator","Simulator","Development"
"0.4","public.tableau.com","Google Chrome","General"
"0.4","jobs.intel.com","Google Chrome","Shopping"
"0.4","somehowmanage.com","Google Chrome","Uncategorized"
"0.4","Settings - Addresses and more - Google Chrome","Google Chrome","Utilities & Services"
"0.4","the definitive TIME MANAGEMENT GUIDE for busy but lazy people","YouTube","Videos & TV"
"0.4","web.stanford.edu","Google Chrome","Reference & Learning"
"0.3","github.blog","Google Chrome","News & Blogs"
"0.3","arypat.me","Google Chrome","Uncategorized"
"0.3","ffmpegwasm.netlify.app","Google Chrome","Uncategorized"
"0.3","Defeating a Cheating A.I.","YouTube","Videos & TV"
"0.3","arxiv.org","Google Chrome","Reference & Learning"
"0.3","Vimium Options - Google Chrome","Google Chrome","Utilities & Services"
"0.3","jobs.citrix.com","Google Chrome","Uncategorized"
"0.3","/r/UWMadison","Reddit","Leisure"
"0.3","How To Use The Zathura Document Reader","YouTube","Videos & TV"
"0.3","autohotkey.com","Google Chrome","Uncategorized"
"0.3","obdev.at","Google Chrome","Uncategorized"
"0.3","Dr K talks to a PROUD Trump Supporter with David Pakman","YouTube","Videos & TV"
"0.3","onlinegdb.com","Google Chrome","Uncategorized"
"0.3","UserNotificationCenter","UserNotificationCenter","Utilities & Services"
"0.3","Why I Started Making Videos","YouTube","Videos & TV"
"0.3","pave.com","Google Chrome","Uncategorized"
"0.3","samarsault.com","Google Chrome","Uncategorized"
"0.3","libgen.lc","Google Chrome","Uncategorized"
"0.3","webapps.stackexchange.com","Google Chrome","Reference & Learning"
"0.3","500 Person Crowd And 1 Freestyle Rapper | The Harry Mack Live Experience","YouTube","Videos & TV"
"0.3","guide.wisc.edu","Google Chrome","Reference & Learning"
"0.3","bmj.com","Google Chrome","Health & Fitness"
"0.3","alexkondov.com","Google Chrome","Uncategorized"
"0.3","apitracker.io","Google Chrome","Uncategorized"
"0.3","d3plus.org","Google Chrome","Uncategorized"
"0.3","Virtual Crowd Control | Harry Mack Omegle Bars 41","YouTube","Videos & TV"
"0.3","getbootstrap.com","Google Chrome","Reference & Learning"
"0.3","sourceforge.net","Google Chrome","Development"
"0.3","naihe2010.github.io","Google Chrome","Development"
"0.3","login.engr.wisc.edu","Google Chrome","Reference & Learning"
"0.3","FaceTime","FaceTime","Social"
"0.3","avery2.github.io","Google Chrome","Development"
"0.3","getcruise.com","Google Chrome","Uncategorized"
"0.3","reactjs.org","Google Chrome","Uncategorized"
"0.3","SecurityAgent","SecurityAgent","Utilities & Services"
"0.3","r4ds.had.co.nz","Google Chrome","Uncategorized"
"0.2","FREE Logic X Jaden Smith Type Beat ""Tokyo"" I Free Instrumental","YouTube","Videos & TV"
"0.2","FREE Logic X Travis Scott Type Beat ""Lakers"" I Free Instrumental","YouTube","Videos & TV"
"0.2","runnersworld.com","Google Chrome","Health & Fitness"
"0.2","huffpost.com","Google Chrome","Uncategorized"
"0.2","blog.createjs.com","Google Chrome","Uncategorized"
"0.2","statlearning.com","Google Chrome","Uncategorized"
"0.2","gtk.org","Google Chrome","Uncategorized"
"0.2","ianyh.com","Google Chrome","Uncategorized"
"0.2","science.org","Google Chrome","Uncategorized"
"0.2","images.hdqwalls.com","Google Chrome","Uncategorized"
"0.2","Extensions - Numbered Tabs - Google Chrome","Google Chrome","Utilities & Services"
"0.2","infoworld.com","Google Chrome","News & Blogs"
"0.2","moqups.com","Google Chrome","Uncategorized"
"0.2","discussions.apple.com","Google Chrome","Reference & Learning"
"0.2","provost.wisc.edu","Google Chrome","Reference & Learning"
"0.2","Untitled - Google Chrome","Google Chrome","Utilities & Services"
"0.2","googleadservices.com","Google Chrome","Uncategorized"
"0.2","/r/thingsapp","Reddit","Leisure"
"0.2","privateinternetaccess.com","Google Chrome","Uncategorized"
"0.2","my.cae.wisc.edu","Google Chrome","Reference & Learning"
"0.2","indeed.com","Google Chrome","General"
"0.2","whatismyzip.com","Google Chrome","Uncategorized"
"0.2","about:blank","Google Chrome","Uncategorized"
"0.2","Find in page     Options - Just Read","Google Chrome","Utilities & Services"
"0.2","soulapp.cn","Google Chrome","Uncategorized"
"0.2","gqrgm.com","Google Chrome","Uncategorized"
"0.2","apir.wisc.edu","Google Chrome","Reference & Learning"
"0.2","eertl2.github.io","Google Chrome","Development"
"0.2","a week in my life in college but this time i have (youtube) friends","YouTube","Videos & TV"
"0.2","whatsabyte.com","Google Chrome","Uncategorized"
"0.2","Photo Booth","Photo Booth","Leisure"
"0.2","library.wisc.edu","Google Chrome","Reference & Learning"
"0.2","But what is a Fourier series? From heat flow to drawing with circles | DE4","YouTube","Videos & TV"
"0.2","patkua.com","Google Chrome","Uncategorized"
"0.2","jupyter-notebook.readthedocs.io","Google Chrome","Reference & Learning"
"0.2","andrewbanchich.github.io","Google Chrome","Development"
"0.2","AirPlayUIAgent","AirPlayUIAgent","Uncategorized"
"0.2","bjorklab.psych.ucla.edu","Google Chrome","Reference & Learning"
"0.2","[FREE] DaBaby x 42 Dugg Type Beat - ""WHISTLE 4"" (prod. Fantom)","YouTube","Videos & TV"
"0.2","kdlevin-uwstat.github.io","Safari","Development"
"0.2","inclusive-components.design","Google Chrome","Uncategorized"
"0.2","VHS Mini Series: Part 3","YouTube","Videos & TV"
"0.2","htmlburger.com","Google Chrome","Uncategorized"
"0.2","youtu.be","Google Chrome","Videos & TV"
"0.2","kb.wisc.edu","Google Chrome","Reference & Learning"
"0.2","My friend is dating a murderer","YouTube","Videos & TV"
"0.2","interview.leetcode.com","Google Chrome","Reference & Learning"
"0.2","WAS THAT OFF TOP?? | Harry Mack Omegle Bars 28","YouTube","Videos & TV"
"0.2","brooksrunning.com","Google Chrome","Uncategorized"
"0.2","This Is Why You're Lonely (and How to Fix It)","YouTube","Videos & TV"
"0.2","jwarby.github.io","Google Chrome","Development"
"0.2","fabricjs.com","Google Chrome","Uncategorized"
"0.2","tryshift.com","Google Chrome","Uncategorized"
"0.2","skim-app.sourceforge.io","Google Chrome","Uncategorized"
"0.2","support.apple.com","Google Chrome","Utilities & Services"
"0.2","guide.berkeley.edu","Google Chrome","Reference & Learning"
"0.2","computerscience.org","Google Chrome","Uncategorized"
"0.2","Find in page     Pinky And The Brain Theme - Postmodern Jukebox (ft. Emily Goglia, Rob Paulsen, Maurice LaMarche)","YouTube","Videos & TV"
"0.2","support.rstudio.com","Google Chrome","Uncategorized"
"0.2","rdrr.io","Google Chrome","Uncategorized"
"0.2","manning.com","Google Chrome","Uncategorized"
"0.2","shawnzhong.com","Google Chrome","Uncategorized"
"0.2","hub.gke2.mybinder.org","Google Chrome","Uncategorized"
"0.2","zoom.us","Google Chrome","Management"
"0.2","shorturl.at","Google Chrome","Uncategorized"
"0.2","identity.idp.tableau.com","Google Chrome","General"
"0.1","cybercoders_alerts34f11a2a.zipalerts.com","Google Chrome","Uncategorized"
"0.1","Grammarly - Google Chrome","Google Chrome","Utilities & Services"
"0.1","CoreServicesUIAgent","CoreServicesUIAgent","Utilities & Services"
"0.1","Dock","Dock","Uncategorized"
"0.1","coreautha","coreautha","Uncategorized"
"0.1","mapline.com","Google Chrome","Uncategorized"
"0.1","TextEdit","TextEdit","Documents & Writing"
"0.1","medium.com","Google Chrome","News & Blogs"
"0.1","pcmag.com","Google Chrome","News & Blogs"
"0.1","allbirds.com","Google Chrome","Uncategorized"
"0.1","williamngan.github.io","Google Chrome","Development"
"0.1","chase.com","Google Chrome","Finances"
"0.1","The Remarkable Woman Who (sorta) Invented Stuffed Animals","YouTube","Videos & TV"
"0.1","72 HOURS W NO SLEEP VLOG - CornCast","YouTube","Videos & TV"
"0.1","YouTube - Audio playing - Google Chrome (Incognito)","YouTube","Videos & TV"
"0.1","FREE Logic X Travis Scott Type Beat ""Force"" I Free Instrumental","YouTube","Videos & TV"
"0.1","developer.wordpress.org","Google Chrome","News & Blogs"
"0.1","getapp.com","Google Chrome","Uncategorized"
"0.1","YouTube - Google Chrome","YouTube","Videos & TV"
"0.1","blog.placemark.io","Google Chrome","News & Blogs"
"0.1","FREE Logic X YBN Cordae Type Beat ""Marvel"" I SOLD","YouTube","Videos & TV"
"0.1","myrouteonline.com","Google Chrome","Uncategorized"
"0.1","one.google.com","Google Chrome","Search"
"0.1","team.icims.com","Google Chrome","General"
"0.1","take2games.com","Google Chrome","Uncategorized"
"0.1","The Universe is Hostile to Computers","YouTube","Videos & TV"
"0.1","dribbble.com","Google Chrome","Reference & Learning"
"0.1","wisc.edu","Google Chrome","Reference & Learning"
"0.1","python-course.eu","Google Chrome","Uncategorized"
"0.1","nytimes.com","Google Chrome","News & Blogs"
"0.1","fabletics.com","Google Chrome","Uncategorized"
"0.1","ocs.fas.harvard.edu","Google Chrome","Reference & Learning"
"0.1","a-team-spring-2020.github.io","Google Chrome","Development"
"0.1","thefabulous.co","Google Chrome","Uncategorized"
"0.1","techglimpse.com","Google Chrome","Uncategorized"
"0.1","Workona - Google Chrome","Google Chrome","Utilities & Services"
"0.1","jsfiddle.net","Google Chrome","Development"
"0.1","konvajs.org","Google Chrome","Uncategorized"
"0.1","kirupa.com","Google Chrome","Uncategorized"
"0.1","win.wisc.edu","Google Chrome","Reference & Learning"
"0.1","howtogeek.com","Google Chrome","Leisure"
"0.1","i.imgur.com","Google Chrome","Leisure"
"0.1","CheatSheet","CheatSheet","Utilities & Services"
"0.1","a8396-21314250.cluster77.canvas-user-content.com","Google Chrome","Uncategorized"
"0.1","secure01a.chase.com","Google Chrome","Finances"
"0.1","Safari","Safari","Utilities & Services"
"0.1","idp.nature.com","Google Chrome","News & Blogs"
"0.1","How I take notes on my iPad Pro in medical school - Cambridge University medical student","YouTube","Videos & TV"
"0.1","BOUNTY (Animated Short Film)","YouTube","Videos & TV"
"0.1","www2.chem.wisc.edu","Google Chrome","Reference & Learning"
"0.1","Slack","Slack","Management"
"0.1","meeting-times (Lightbulb)","Slack","Management"
"0.1","mmistakes.github.io","Google Chrome","Development"
